{
  "loss": [
    2.080589771270752,
    1.7019137144088745,
    1.5245616436004639,
    1.4537962675094604,
    1.3789010047912598,
    1.3570520877838135,
    1.2511119842529297,
    1.183395504951477,
    1.132238745689392,
    1.0737496614456177,
    1.0683984756469727,
    1.0446823835372925,
    0.9855372309684753,
    0.9573336243629456,
    0.878751814365387,
    0.8607888221740723,
    0.7985913753509521,
    0.7791579961776733,
    0.7393504977226257,
    0.7318695783615112
  ],
  "accuracy": [
    0.3005664348602295,
    0.4087797999382019,
    0.4643615782260895,
    0.4900873303413391,
    0.5172291994094849,
    0.519943356513977,
    0.5462591648101807,
    0.5783573389053345,
    0.6012508869171143,
    0.6138777732849121,
    0.616119921207428,
    0.6215482950210571,
    0.6495161652565002,
    0.6642671823501587,
    0.6898748874664307,
    0.6964833736419678,
    0.721855103969574,
    0.7284635305404663,
    0.7449846863746643,
    0.7504130005836487
  ],
  "val_loss": [
    2.0263657569885254,
    1.8991864919662476,
    1.1886152029037476,
    1.2227389812469482,
    1.480432152748108,
    1.635846734046936,
    0.9230288863182068,
    0.8774784803390503,
    0.8918851613998413,
    0.8756711483001709,
    0.9234954118728638,
    0.8393844962120056,
    1.6292723417282104,
    0.7574899792671204,
    0.780790388584137,
    0.8710651397705078,
    0.7224652767181396,
    0.655436098575592,
    0.5221858620643616,
    0.5457789897918701
  ],
  "val_accuracy": [
    0.4165484607219696,
    0.32482269406318665,
    0.5947990417480469,
    0.5730496644973755,
    0.5172576904296875,
    0.4416075646877289,
    0.6903073191642761,
    0.6888889074325562,
    0.688416063785553,
    0.6964539289474487,
    0.6874704360961914,
    0.7021276354789734,
    0.6023640632629395,
    0.7200945615768433,
    0.7342789769172668,
    0.7314420938491821,
    0.7825059294700623,
    0.7905437350273132,
    0.8387706875801086,
    0.8359338045120239
  ]
}