{
  "loss": [
    2.1576507091522217,
    1.8468338251113892,
    1.6914198398590088,
    1.623303771018982,
    1.5296486616134644,
    1.4147799015045166,
    1.309234857559204,
    1.2398052215576172,
    1.1414384841918945,
    1.0878947973251343,
    1.043214201927185,
    0.9698970913887024,
    0.9487094283103943,
    0.868254542350769,
    0.813777506351471,
    0.7879782319068909,
    0.7546073794364929,
    0.7272542715072632,
    0.7178172469139099,
    0.705284833908081
  ],
  "accuracy": [
    0.2792069911956787,
    0.32511210441589355,
    0.38210996985435486,
    0.4192825257778168,
    0.4651876389980316,
    0.5154590606689453,
    0.5518054962158203,
    0.5880339741706848,
    0.6150578260421753,
    0.6328770518302917,
    0.6438517570495605,
    0.6685154438018799,
    0.675123929977417,
    0.697663426399231,
    0.7135944962501526,
    0.7185508608818054,
    0.7380222082138062,
    0.7414444088935852,
    0.7593816518783569,
    0.7618598341941833
  ],
  "val_loss": [
    2.3587632179260254,
    1.871328592300415,
    1.5766863822937012,
    1.2906012535095215,
    2.7310545444488525,
    10.386643409729004,
    1.2024317979812622,
    0.9061250686645508,
    1.122728943824768,
    0.8049170970916748,
    1.2559741735458374,
    1.198377251625061,
    0.8142046928405762,
    0.647303581237793,
    0.624789297580719,
    0.5739437937736511,
    0.6122714877128601,
    0.7644997835159302,
    0.5652750134468079,
    0.5521845817565918
  ],
  "val_accuracy": [
    0.26241135597229004,
    0.3758865296840668,
    0.44586288928985596,
    0.5593380331993103,
    0.24491725862026215,
    0.1981087476015091,
    0.6066193580627441,
    0.709692656993866,
    0.6250591278076172,
    0.7352246046066284,
    0.6080378293991089,
    0.6089834570884705,
    0.7130023837089539,
    0.8094562888145447,
    0.785342812538147,
    0.8089834451675415,
    0.8080378174781799,
    0.7494089603424072,
    0.8160756230354309,
    0.8477541208267212
  ]
}