{
  "loss": [
    2.0448250770568848,
    1.602660894393921,
    1.4427385330200195,
    1.360674262046814,
    1.3220880031585693,
    1.2623000144958496,
    1.179492712020874,
    1.1104776859283447,
    1.0460699796676636,
    0.9564903378486633,
    0.89487224817276,
    0.8508588671684265,
    0.7865307331085205,
    0.7394161820411682,
    0.7178190350532532,
    0.6733524203300476,
    0.6406040787696838,
    0.6391799449920654,
    0.5251004099845886,
    0.4756142497062683
  ],
  "accuracy": [
    0.36145856976509094,
    0.44642436504364014,
    0.493863582611084,
    0.5240736603736877,
    0.5382345914840698,
    0.561718225479126,
    0.5902761220932007,
    0.6204861998558044,
    0.6433797478675842,
    0.6715836524963379,
    0.6905829310417175,
    0.7078121304512024,
    0.7248052954673767,
    0.7439225912094116,
    0.7472268342971802,
    0.7598536610603333,
    0.7757847309112549,
    0.7797970175743103,
    0.8194476962089539,
    0.8362048864364624
  ],
  "val_loss": [
    1.4952107667922974,
    1.3052053451538086,
    1.1842949390411377,
    9.277241706848145,
    1.079783320426941,
    1.0519194602966309,
    3.793146848678589,
    0.7951273322105408,
    1.5439621210098267,
    4.782536506652832,
    0.7760604619979858,
    0.7766963839530945,
    0.9508761763572693,
    0.5053008198738098,
    0.4676184356212616,
    0.5351412296295166,
    0.7279491424560547,
    0.905138373374939,
    0.3799532353878021,
    0.4068712592124939
  ],
  "val_accuracy": [
    0.5106382966041565,
    0.5560283660888672,
    0.6042553186416626,
    0.34515365958213806,
    0.616548478603363,
    0.6557919383049011,
    0.4274231791496277,
    0.7498818039894104,
    0.5957446694374084,
    0.1943262368440628,
    0.729550838470459,
    0.7527186870574951,
    0.6628841757774353,
    0.8250591158866882,
    0.8264775276184082,
    0.8373522162437439,
    0.7598108649253845,
    0.7555555701255798,
    0.908274233341217,
    0.8770685791969299
  ]
}